AARTIIND,
ABBOTINDIA,
ACC,
ADANIENT,
ADANIPORTS,
ABCAPITAL,
ABFRL,
APLLTD,
ALKEM,
AMARAJABAT,
AMBUJACEM,
APOLLOHOSP,
APOLLOTYRE,
ASHOKLEY,
ASIANPAINT,
ASTRAL,
ATUL,
AUBANK,
AUROPHARMA,
AXISBANK,
BAJAJ-AUTO,
BAJFINANCE,
BAJAJFINSV,
BALKRISIND,
BALRAMCHIN,
BANDHANBNK,
BANKBARODA,
BATAINDIA,
BERGEPAINT,
BEL,
BHARATFORG,
BHEL,
BPCL,
BHARTIARTL,
BIOCON,
BSOFT,
BOSCHLTD,
BRITANNIA,
CADILAHC,
CANFINHOME,
CANBK,
CHAMBLFERT,
CHOLAFIN,
CIPLA,
CUB,
COALINDIA,
COFORGE,
COLPAL,
CONCOR,
COROMANDEL,
CROMPTON,
CUMMINSIND,
DABUR,
DALBHARAT,
DEEPAKNTR,
DELTACORP,
DIVISLAB,
DIXON,
DLF,
LALPATHLAB,
DRREDDY,
EICHERMOT,
ESCORTS,
EXIDEIND,
FSL,
GAIL,
GLENMARK,
GMRINFRA,
GODREJCP,
GODREJPROP,
GRANULES,
GRASIM,
GUJGASLTD,
GNFC,
GSPL,
HAVELLS,
HCLTECH,
HDFCAMC,
HDFCBANK,
HDFCLIFE,
HEROMOTOCO,
HINDALCO,
HAL,
HINDCOPPER,
HINDPETRO,
HINDUNILVR,
HONAUT,
HDFC,
ICICIBANK,
ICICIGI,
ICICIPRULI,
IDFCFIRSTB,
IDFC,
IBULHSGFIN,
INDIAMART,
IEX,
IOC,
IRCTC,
IGL,
INDUSTOWER,
INDUSINDBK,
NAUKRI,
INFY,
INDIGO,
IPCALAB,
ITC,
JINDALSTEL,
JKCEMENT,
JSWSTEEL,
JUBLFOOD,
KOTAKBANK,
L&TFH,
LTTS,
LTI,
LT,
LAURUSLABS,
LICHSGFIN,
LUPIN,
MGL,
M&MFIN,
M&M,
MANAPPURAM,
MARICO,
MARUTI,
MFSL,
METROPOLIS,
MINDTREE,
MOTHERSUMI,
MPHASIS,
MRF,
MCX,
MUTHOOTFIN,
NATIONALUM,
NAVINFLUOR,
NBCC,
NESTLEIND,
NAM-INDIA,
NMDC,
NTPC,
OBEROIRLTY,
ONGC,
OFSS,
PAGEIND,
PERSISTENT,
PETRONET,
PFIZER,
PIIND,
PIDILITIND,
PEL,
POLYCAB,
PFC,
POWERGRID,
PNB,
PVR,
RAIN,
RBLBANK,
RECLTD,
RELIANCE,
SBICARD,
SBILIFE,
SHREECEM,
SRTRANSFIN,
SIEMENS,
SRF,
SBIN,
SAIL,
STAR,
SUNPHARMA,
SUNTV,
SYNGENE,
TATACHEM,
TATACOMM,
TCS,
TATACONSUM,
TATAMOTORS,
TATAPOWER,
TATASTEEL,
TECHM,
FEDERALBNK,
INDIACEM,
INDHOTEL,
RAMCOCEM,
TITAN,
TORNTPHARM,
TORNTPOWER,
TRENT,
TVSMOTOR,
ULTRACEMCO,
UBL,
MCDOWELL-N,
UPL,
VEDL,
IDEA,
VOLTAS,
WHIRLPOOL,
WIPRO,
ZEEL